我们避而不谈的东西都像极了我们自己 | 利器x城堡,https://liqi.io/chengbao45/
利器访谈：钢炮爹九万，亲子、旅行、美食 vlogger,https://liqi.io/gangpaodie9w/
利器访谈：Yixiao，生物科技领域创业者,https://liqi.io/yixiao/
利器访谈：Issei，学生及设计师，「觉论」作者,https://liqi.io/issei/
利器访谈：哈比，博客主，创业者，笔记侠达人，印象大使,https://liqi.io/liaoyuqin/
利器访谈：吴添羽，Spotify 产品设计师,https://liqi.io/tianyu/
利器访谈：ADoyle，全栈工程师,https://liqi.io/adoyle/
表达不光只是口头的叙述，它其实更多的是自我的探索 | 利器x播客访谈 《不丧》,https://liqi.io/busang/
利器访谈：李老汉，vlogger，培训师,https://liqi.io/lilaohan/
利器访谈：影迷劳拉，电影博主，vlogger,https://liqi.io/yingmilaola/
Podcasting 是一柄锤子，握着它也许能让你看到更多钉子 | 利器x播客访谈,https://liqi.io/weareones/
收集-分析-输出行动，用工作流思维去创造 | 利器访谈：海程，战略分析师，创业者，无线游戏探索者,https://liqi.io/haicheng/
别纠结器材，花多点时间在内容上 | 利器xVLOG：孙东山，导演，vlogger,https://liqi.io/sundongshan/
利器x通信者访谈：王小麦，产品经理，某运营商研发中心,https://liqi.io/xiaomai/
利器访谈：黄璟璐，建筑师，「所建所闻」主理人,https://liqi.io/jinglu/
一直以来，做一个谈话节目主持人就是我的梦想之一 |「利器x播客」访谈,https://liqi.io/bitvoicefm/
首要任务是在一个视频里讲清楚一件事 | 利器xVLOG：welber，数码科技 vlogger,https://liqi.io/welber/
利器访谈：JOJO，「出笼」项目主理人,https://liqi.io/jojo/
我做了一档广泛地关于博物馆的（陪伴型）播客 | 「利器x播客」访谈,https://liqi.io/bowuzhi/
当硬件和软件都掌握在个人手里，拍东西就像写日记一样容易 | 利器xVLOG：Tonelf，纪录片导演，剪辑师,https://liqi.io/tonelf/
从每一件发生在身边的事中总结出经历，这是一种能力 | 利器x城堡阅读周刊,https://liqi.io/chengbao34/
用 Engineer 的视角窥探世界，Byte.Coffee 诞生了 | 「利器x播客」访谈,https://liqi.io/bytecoffee/
有趣的VLOG是一座能不断让人挖掘的宝藏 | 利器xVLOG：吕博文，商业摄影师，视频博主,https://liqi.io/lvbowen/
利器访谈：闫璐，摄影师，写作者，旅行者,https://liqi.io/yanlu/
利器访谈：MARC，学生，准 Google 软件工程师,https://liqi.io/marc/
利器访谈：MilkShake 羊，高校教师，「Byte.Coffee」主播,https://liqi.io/milkshake/
利器访谈：Linghao，Google 软件工程师,https://liqi.io/linghao/
利器访谈：ZachSaw，连续创业者，创意孵化平台 VP,https://liqi.io/zachsaw/
利器访谈：Sofish，工程师，石墨文档上海负责人,https://liqi.io/sofish/
利器访谈：hb，天体物理研究，「人间指南」主理人,https://liqi.io/hb/
利器访谈：飞羽醉月，Amazon 工程师，译者,https://liqi.io/feiyuzuiyue/
利器访谈：Kenshin，开发者，远程工作者,https://liqi.io/kenshin/
利器访谈：btr，作家，译者，文化评论人,https://liqi.io/btr/
利器访谈：小河，教师，「公民科学社群」组织者,https://liqi.io/xiaohe/
利器访谈：Hoka，Google 用户体验设计师，「UX Coffee 设计咖」主播,https://liqi.io/hoka/
利器访谈：聪聪，印象笔记资深印象大使，坚果云效率大使，幕布布道师,https://liqi.io/congcong/
利器访谈：吴鲁加，创业者，「知识星球」创始人,https://liqi.io/wulujia/
利器访谈：于婉莹，「博物志」&「不会聊」制作人，家庭主妇，兼职翻译,https://liqi.io/wanying/
利器访谈：Marcus，Forest 联合创始人,https://liqi.io/marcus/
利器访谈：Augus，独立开发者，Eagle 作者,https://liqi.io/augus/
利器访谈：叶少康，商业策划顾问，奥运会火炬手,https://liqi.io/nelson/
利器访谈：王凯，日事清运营合伙人,https://liqi.io/henu/
利器访谈：王鸿智，中英文科技记者,https://liqi.io/hongzhi/
利器访谈，刘岱宗，可持续城市与交通研究者，一席讲者,https://liqi.io/liudaizong/
利器访谈：苍浪，智人运营负责人，客户成功经理，信仰互联网的网虫,https://liqi.io/canglang/
利器访谈：陶新乐，白描、西江月、两个西柚开发者,https://liqi.io/tolecen/
利器访谈：宝婷，记者、撰稿人、「不可理论」发起人,https://liqi.io/tifanie/
利器访谈：可乐，「识墨笔记」产品设计师,https://liqi.io/kele/
利器访谈：南百城，书籍和工具控，书店图书专员,https://liqi.io/nanbaicheng/
利器访谈：卢卫彬，Tower产品设计师、卡丁车车手,https://liqi.io/maklu/
利器访谈：Richor，TIB作者，设计爱好和实践者,https://liqi.io/richor/
利器访谈：Jesse， 独立写作者，「交差点」播客发起人,https://liqi.io/jesse/
利器访谈｜Larry，独立开发者、奇点日报作者,https://liqi.io/larry/
Megabits丨开发者：被人称为「大脑瑞士军刀」的思维导图该怎么用？,https://liqi.io/megabits/
魏凡&马劲｜EasyNight 创始人：两位最会聊「天」的理工男（文末有福利）,https://liqi.io/easynight/
张扬丨猫饼ö产品经理：我从这次的创业历练中获得了快速成长,https://liqi.io/zhangyang/
李大超人Leo丨少数派撰稿人：个人记账是每个人都应该学会的一项必备技能（福利）,https://liqi.io/lidachaorenleo/
俞力莎丨三联中读内容总监：从 2013 年开始，我就不再刷热点了,https://liqi.io/yulisha/
lepture｜Typlog 作者：中文世界最大的悲剧便是封闭,https://liqi.io/lepture/
MaxKim&豹先生｜游戏视频博主：Minecraft 就像一幅画卷（福利）,https://liqi.io/maxkimandbaoxiansheng/
JailbreakHum｜少数派撰稿人：用更现代的方式做任务管理,https://liqi.io/jailbreakhum/
张文博｜运营：接受 GTD 的思想，效率才能明显提高,https://liqi.io/zhangwenbo/
周楷雯｜开发者：当前「公司」的合作方式是低效且无聊的,https://liqi.io/kevin/
akid｜教教我作者：邮件订阅是很高效的信息获取方式，尤其对于容易分心的人,https://liqi.io/akid/
利器周报｜这个灵感收集器，值得每一位设计师拥有,https://liqi.io/weekly59/
郭宇｜前端工程师：北京是一个巨大的熔炉,https://liqi.io/guoyu/
iJoy｜心理咨询师：比起一条路走到极致的工作，我更适合斜杠生活,https://liqi.io/ijoy/
秋叶｜畅销书作者：学会高效学习是很重要的技能,https://liqi.io/qiuye/
罗健｜惟物发起人：「好」本身就是一个弹性很大的词,https://liqi.io/luojian/
刘飞｜产品经理：没开过车的司机，驾驶手册背再熟也没意义,https://liqi.io/liufei/
李兴宇｜INVO 设计师：设计不是一个封闭学科，它是交叉学科,https://liqi.io/lixingyu/
动机在杭州｜心理咨询师：上帝给你的每一份礼物，都暗中标了价格,https://liqi.io/chenhaixian/
罗磊｜短视频创作人，也许也是最会晒妻的程序员,https://liqi.io/luolei/
Slark｜程序员、折腾党：将重复机械性工作自动化是我折腾的目标,https://liqi.io/slark/
Jason｜独立开发者：自由职业能最大化自己的价值,https://liqi.io/jason/
waychane｜运营，写作者，Podcast 主播：app 的选择是一件很主观的行为,https://liqi.io/waychane/
倪考梦｜智库运营者：如何构建一个智慧社群？,https://liqi.io/needream/
飞机码头｜折纸爱好者：手工人的梦想是「前店后厂」,https://liqi.io/feijimatou/
海波｜FarBox 开发者：跟朋友聊天、碰撞，这叫脑洞开了，不叫灵感来了,https://liqi.io/haibo/
Todd｜Linnk 开发者：我每天只问自己一个问题,https://liqi.io/todd/
利器访谈｜郭晓力，幕布联合创始人,https://liqi.io/guoxiaoli/
利器访谈 | 邓布利多，新闻民工、新媒体狗、非著名圈内人贩子,https://liqi.io/laodeng/
利器访谈｜RED，作者、译者、编辑,https://liqi.io/red/
利器访谈｜Simon_阿文，PPT 达人、设计师,https://liqi.io/simon/
利器访谈｜Dolan，声音设计师、独立音乐人,https://liqi.io/dolan/
王三三｜网易新闻主编,https://liqi.io/wangsansan/
Livia｜无人机行业从业者、字幕组成员,https://liqi.io/livia/
韩冲｜电视编辑、驻外记者、摄影爱好者,https://liqi.io/han/
利器访谈｜李路，KnewOne CEO,https://liqi.io/lilu/
海带｜「老鼠什么都知道」系列漫画作者,https://liqi.io/rats/
Maple｜DevOps 工程师,https://liqi.io/maple/
老王｜覔遇书屋店主、新媒体编辑,https://liqi.io/miyu/
刘志鹏｜「西窗烛」创始人、全栈工程师,https://liqi.io/liuzhipeng/
刘少楠｜产品经理、EverMemo 作者,https://liqi.io/shaonan/
cbvivi｜1UP 视频博主,https://liqi.io/cbvivi/
匡俊宇｜LightScreen 开发者、iOS 独立开发者,https://liqi.io/kuangjunyu/
Lucien｜视觉设计师,https://liqi.io/lucien/
Will｜设计师、想成为木匠的设计爱好者,https://liqi.io/wangqi/
bob-lian｜动画制作者,https://liqi.io/bob-lian/
冬至｜「脑震荡」创始人、Maker,https://liqi.io/dongzhi/
滕磊（火山大陆）｜ARK design 联合创始人兼 CEO,https://liqi.io/tenglei/
张翼然｜教育技术系教师、「移动学习」推广者,https://liqi.io/zhangyiran/
黄伊懋｜夸克浏览器产品经理、数码硬件控,https://liqi.io/huangyimao/
马晓雯｜导演、剪辑师,https://liqi.io/maxiaowen/
安妮｜时间块作者、UI 设计师,https://liqi.io/anni/
刘威志｜仿真优化博士,https://liqi.io/liuweizhi/
曹将｜《PPT炼成记》作者,https://liqi.io/caojiang/
陶危危｜文身师、自由职业者,https://liqi.io/taovivi/
王小雪｜ProcessOn 运营,https://liqi.io/wangxiaoxue/
肉匠｜《新知》美术总监、平面设计师,https://liqi.io/sunxx/
吕璨｜游戏制作人、LizardKingGames 创意总监,https://liqi.io/lvcan/
范怀宇｜「轻芒」联合创始人、职业程序员,https://liqi.io/fanhuaiyu/
卜健｜番茄土豆软件 Flat Tomato 开发者,https://liqi.io/bujian/
蔺皓｜「坚果云」联合创始人、销售总监,https://liqi.io/linhao/
Shrugged｜「器物与我」运营者,https://liqi.io/shrugged/
Link｜电影调光师、VUE 色彩顾问,https://liqi.io/linklao/
蔡斌｜Web 开发者、远程工作者,https://liqi.io/caibin/
何瑫｜非虚构写作者、《智族 GQ》总主笔,https://liqi.io/hetao/
赵赛坡｜科技博客博主,https://liqi.io/zhaosaipo/
王亚平｜「极客电台」主播、图书作者,https://liqi.io/wangyaping/
Frank｜Mac 玩儿法创办人,https://liqi.io/frank/
任宁｜「迟早更新」主播、翻译计划负责人,https://liqi.io/renning/
水波｜信息安全工作者、专栏作者,https://liqi.io/shuibo/
张海峰｜职业制斗师、手作匠人,https://liqi.io/zhanghaifeng/
李国禹｜数码荔枝正版软件店运营负责⼈,https://liqi.io/liguoyu/
张绮｜设计师、心理咨询师,https://liqi.io/zhangqi/
磊叔｜产品经理、汽车疯子,https://liqi.io/leishu/
区禄海｜MWeb 开发者、独立开发者,https://liqi.io/ouluhai/
宋少鹏｜米唐科技创始人,https://liqi.io/songshaopeng/
龚臣｜中信出版社印刷主管、《S.》选纸人,https://liqi.io/gongchen/
星玫｜宇宙爱好者，独立撰稿人,https://liqi.io/xingmei/
张淼｜「轻松玩 Mac」主播、自由职业者,https://liqi.io/zhangmiao/
月野耕｜科创社区建设者、活动运营,https://liqi.io/yueyegeng/
田飞｜方片收集项目负责人,https://liqi.io/tianfei/
Ivan Zhao｜Notion 创始人、设计师、开发者,https://liqi.io/ivanzhao/
刘亚晨｜Surge 开发者,https://liqi.io/liuyachen/
Kulilin｜黑胶文化社区运营者、创业者,https://liqi.io/kulilin/
郝小好｜设计师、插画师,https://liqi.io/haoxiaohao/
零力｜独立游戏设计师、美术师,https://liqi.io/lingli/
叶文婷｜视觉设计师,https://liqi.io/yewenting/
Mingo｜旅行媒体主编、手机摄影师,https://liqi.io/mingo/
PJ｜插画师,https://liqi.io/pj/
李志超｜产品经理、《离线》作者,https://liqi.io/lizhichao/
段先洲｜UI&UX 设计师、摄影爱好者,https://liqi.io/duanxianzhou/
叶玎玎｜创业者、podcast 主播,https://liqi.io/yedingding/
Linda Tan｜社会企业合伙人、农民,https://liqi.io/linda-tan/
邓莉｜《S.》简体中文版编辑,https://liqi.io/dengli/
郭婷婷｜各色科技创始人、科研工作者,https://liqi.io/guotingting/
拼命玩三郎｜游戏创意总监、中国独立游戏大赛评委,https://liqi.io/liangtiexin/
韩金乌｜MOZIK运营总监、苹果认证技术主管,https://liqi.io/hanjinwu/
Allen｜章魚音樂創始人、連續創業者,https://liqi.io/allen/
邓思渊｜写作者、虚拟现实行业从业者、诺亦腾项目经理,https://liqi.io/dengsiyuan/
周白云｜写作教练、叙事疗愈师,https://liqi.io/zhoubaiyun/
辰叔｜皮匠、LeWhisper 主理人,https://liqi.io/uncle-chen/
吕业甦｜思科产品经理,https://liqi.io/lvyesu/
王凌｜墨客开发者、iOS 开发者,https://liqi.io/wangling/
王凡乔｜自由职业插画师、海豹漫画作者,https://liqi.io/wangfanqiao/
杨子铎｜传播者、手工书衣制作者,https://liqi.io/yangziduo/
俞涛｜生态保护工作者,https://liqi.io/yutao/
屈艺｜经济学博士生,https://liqi.io/quyi/
张上｜自由职业动画师、分镜师,https://liqi.io/zhangshang/
许彬｜豌豆荚通知清理产品负责人、Android 工程师,https://liqi.io/xubin/
元一｜墨刀创始人、主程序,https://liqi.io/yuanyi/
李喆｜独立游戏《鲤》主程序、创业者,https://liqi.io/lizhe/
Jak｜阿里巴巴产品经理,https://liqi.io/jak/
苏丹｜豆瓣工程师、科幻作者,https://liqi.io/sudan/
小罗｜竹子自行车制作者、BBB工作坊管理人,https://liqi.io/xiaoluo/
钟颖｜iOS开发者、Pin作者,https://liqi.io/zhongying/
方可成｜「政见 CNPolitics」发起人、传播学博士,https://liqi.io/fangkecheng/
BertWoo｜产品经理,https://liqi.io/bertwoo/
猫伯爵｜独立游戏制作者、插画师、动画师,https://liqi.io/maobojue/
图拉鼎｜独立开发者,https://liqi.io/tulading/
采铜｜心理学博士、写作者,https://liqi.io/caitong/
沙昕哲｜KnewOne联合创始人,https://liqi.io/shaxinzhe/
古灵｜Tower后端工程师,https://liqi.io/guling/
刘肖男｜单向空间设计总监、UI设计师,https://liqi.io/liuxiaonan/
Max Seelemann｜Ulysses主开发者、The Soulmen联合创始人,https://liqi.io/max-seelemann/
金亦冶｜创业者、Ping++ 创始人,https://liqi.io/jinyiye/
王涛｜创业者、Worktile 创始人,https://liqi.io/wangtao/
李大锤｜应用测评人,https://liqi.io/lidachui/
Chris Xia｜剑桥大学语言学博士生、语言学科普作者,https://liqi.io/chris-xia/
王品｜创业者、游戏设计师、产品经理,https://liqi.io/wangpin/
崇旭_Ken｜爱范儿 AppSo 总监,https://liqi.io/wangchongxu/
Loddit｜BearyChat前端工程师,https://liqi.io/loddit/
宁宵宵｜视频节目策划人、译者,https://liqi.io/ningxiaoxiao/
iBuick｜OS X开发者、《OS X高手进阶》作者,https://liqi.io/ibuick/
顾惜朝｜读读日报产品运营,https://liqi.io/guxizhao/
John Markoff｜《纽约时报》科技记者、《与机器人共舞》作者,https://liqi.io/john-markoff/
马婧｜独立纪录片制作者、《从黑夜到白天》作者,https://liqi.io/majing/
海猫络合物｜云母组概念设计师、平面设计师、建筑师,https://liqi.io/haimaoluohewu/
杜潇 | 设计师，Dine 设计公司创始人,https://liqi.io/duxiao/
张斌｜开发者、设计师、「全国空气质量指数」创始人,https://liqi.io/zhangbin/
言传｜雕塑艺术工作者,https://liqi.io/yanchuan/
Ryan Germick | Google Doodles 设计团队负责人,https://liqi.io/ryan-germick/
关雅荻｜极限跑步者、电影制片人,https://liqi.io/guanyadi/
Yves | 少数派主编、运营主管,https://liqi.io/yves/
曹舒旻｜iOS 独立开发者、格志日记创始人,https://liqi.io/caoshumin/
陈钢 | WeGene 联合创始人,https://liqi.io/chengang/
TP｜MacDown 开发者,https://liqi.io/tp/
阿猴 | 摄影师，「乐高出柜计划」作者,https://liqi.io/ahou/
汤圣罡 | iOS 开发者、Swift 程序员,https://liqi.io/tangshenggang/
chenqin｜知乎数据帝、高校教师,https://liqi.io/chenqin/
MAO｜北山制包所 Kitayama 主理人,https://liqi.io/mao/
Keith Blount｜Scrivener 设计师、开发者,https://liqi.io/keith-blount/
陈灼｜游戏设计师、《火星救援》小说译者,https://liqi.io/chenzhuo/
Ken Wong｜《纪念碑谷》设计师,https://liqi.io/kenwong/
柳成荫｜WhatFont 插件作者，前端工程师,https://liqi.io/liuchengyin/
柳东原｜独立开发者，Expense 作者,https://liqi.io/liudongyuan/
阴明｜稀土创始人，开发者,https://liqi.io/yinming/
柳毅｜远程工作者，独立开发者,https://liqi.io/liuyi/
vczh｜Microsoft 工程师,https://liqi.io/vczh/
路意｜Zine 创始人,https://liqi.io/luyi/
Rex Chen | Type is Beautiful 创办人,https://liqi.io/rex/
大狗熊｜设计师，开发者，播客主播,https://liqi.io/bearbig/
姚欣宇｜代码托管服务 GitCafe 创始人兼 CEO,https://liqi.io/yaoxinyu/
Localhost｜体验设计师，自由职业者,https://liqi.io/localhost/
Matrix67｜自由职业者，数学爱好者,https://liqi.io/matrix67/
余弦｜黑客，知道创宇技术副总裁，KCon 黑客大会创办人,https://liqi.io/yuxian/
Easy｜开发者，产品经理,https://liqi.io/easy/
江疆｜Apple 软件工程师,https://liqi.io/jiangjiang/
可可苏玛｜Windows 开发者，微软粉丝，网站主,https://liqi.io/cocosuma/
herock｜产品经理，冷启动发起人,https://liqi.io/herock/
李帅｜iOS 开发者，圈子账本创始人,https://liqi.io/lishuai/
唐晓敏｜BearyChat CTO、联合创始人,https://liqi.io/tangxiaomin/
吕木难｜游戏业内记者，写作者,https://liqi.io/lvmunan/
王猛｜iOS 开发者，创业者,https://liqi.io/wangmeng/
范冰｜产品总监，设计师，开发者,https://liqi.io/fanbing/
王硕｜podcast 主播，专车司机,https://liqi.io/wangshuo/
古茜｜女性互联网技术社区运营者,https://liqi.io/guxi/
w｜硅谷开发者，「湾区日报」创始人,https://liqi.io/w-wanqu/
Odding｜多媒体创作人，奥美艺术总监,https://liqi.io/odding/
刘慈欣｜科幻小说家，《三体》作者,https://liqi.io/liucixin/
高爽｜天文学研究者，大学老师,https://liqi.io/gaoshuang/
Lain｜认知神经科学博士，科技译者,https://liqi.io/lain/
张亮｜创业者，知乎联合创始人,https://liqi.io/zhangliang/
崔绮雯｜科技记者,https://liqi.io/cuiqiwen/
祝佳音｜科技作者，触乐创始人,https://liqi.io/zhujiayin/
Shine｜独立水彩插画师,https://liqi.io/shine/
高远｜电影动画师,https://liqi.io/gaoyuan/
郝海龙｜podcast 主播，译者,https://liqi.io/haohailong/
刘斌｜食品科学博士，译者,https://liqi.io/liubin/
Ricky｜设计师，eico 联合创始人,https://liqi.io/ricky/
毛丹青｜旅日作家，大学教授,https://liqi.io/maodanqing/
江宏｜开发者，LeanCloud 联合创始人,https://liqi.io/jianghong/
李婷｜《离线》主编,https://liqi.io/cris/
凯文·凯利｜《连线》创始主编，作家,https://liqi.io/kevinkelly/
刘庆｜撰稿人，平面设计师,https://liqi.io/liuqing/
Rokey｜设计师，首席创意官,https://liqi.io/rokey/
有才｜开发者，podcast主播,https://liqi.io/youcai/
Himmel｜音效设计师，作曲者,https://liqi.io/himmel/
刘梦霏｜游戏化设计师,https://liqi.io/liumengfei/
陈楸帆｜品牌副总裁，科幻作家，编剧,https://liqi.io/chenqiufan/
刘梦溪｜用户体验设计师,https://liqi.io/liumengxi/
吴涛｜开发者，podcast主播,https://liqi.io/wutao/
